event,ideology,text
Iranian President Raisi Killed in Helicopter Crash,liberal,"Iranian President Ebrahim Raisi and his foreign minister were killed in a helicopter crash in mountainous terrain and icy weather, Iran's state television confirmed on Monday, after search teams located the wreckage in East Azerbaijan province.
The head of Iran’s Red Crescent, Pir Hossein Kolivand, earlier told state television that ""no sign"" of life was detected amongst the passengers of the helicopter that crashed on Sunday afternoon.
""Upon finding the helicopter, there was no sign of the helicopter passengers being alive as of yet,"" state TV reported.
Foreign Minister Hossein Amir-Abdollahian, East Azerbaijan Governor..."
Iranian President Raisi Killed in Helicopter Crash,center,"Iranian President Ebrahim Raisi was killed in a helicopter crash on Sunday, depriving Supreme Leader Ayatollah Ali Khamenei of a longtime ally as Tehran angles for regional dominance through armed militias that are fighting the U.S. and Israel.
Raisi’s death was announced early Monday, after state television reported Sunday afternoon that a helicopter carrying him and Foreign Minister Hossein Amir-Abdollahian had made a “difficult landing” in northwestern Iran.
Hours after Raisi’s death was confirmed, Khamenei announced five days of national mourning and appointed Mohammad Mokhber, first vice president, as the new head of the executive branch.
Ali Bagheri-Kani,..."
Iranian President Raisi Killed in Helicopter Crash,conservative,"Iranian president Ebrahim Raisi, Foreign Minister Hossein Amirabdollahian, and others were confirmed dead after their helicopter crashed on Sunday, Iranian officials and state media said Monday, disrupting the power structure in Tehran as Supreme Leader Ayatollah Khameini continues his increasingly aggressive campaign for regional dominance.
After Raisi’s death was reported by state media, Khameini announced five days of national mourning and appointed Mohammad Mokhber, first vice president, to temporarily succeed Raisi as president. An election to determine Raisi’s official successor for the next four years is supposed to take place..."
Trump Compares Biden Administration to ‘Gestapo’ at Private Donor Event,liberal,"The White House denounced former President Trump Sunday over reports that he compared President Biden's administration to the Gestapo, the Nazi-era secret police force in Germany.
The big picture: The New York Times first reported that Trump made the comments after criticizing indictments against him at a private donor event in Florida Saturday, days after a New York judge found him in contempt for violating a gag order in his hush money trial.
""These people are running a Gestapo administration,"" Trump said, according to audio obtained by the NYT. ""And it's the only thing they have. And it's the only..."
Trump Compares Biden Administration to ‘Gestapo’ at Private Donor Event,center,"Republican presidential candidate Donald Trump accused Democratic rival President Joe Biden of running a ""Gestapo administration"" in a private address to donors in which he also attacked prosecutors involved in his criminal indictments, according to a recording heard by U.S. media outlets.
Trump, whose own rhetoric has drawn accusations of fascist tendencies from civil rights groups and other critics, made the comparison with the Nazi police in Germany's World War Two regime at a donor retreat Saturday night at his Mar-a-Lago resort in Palm Beach, Florida.
The comments came after Trump reprised his complaint..."
Trump Compares Biden Administration to ‘Gestapo’ at Private Donor Event,conservative,"Former President Donald Trump took his war of words against his election opponent, President Joe Biden, to a new level on Saturday, reportedly comparing his opponent’s administration to the “Gestapo.”
Trump made the comparison between the Biden administration and the secret police in Nazi Germany during a private donor event at Mar-a-Lago on Saturday, according to multiple reports citing audio from the event.
“These people are running a Gestapo administration,” Trump said, according to NBC News. “And it’s the only thing they have. And it’s the only way they’re going to win in their opinion.”..."
Biden Campaign Raises $30 Million At Star-Studded Hollywood Fundraiser,liberal,"Some of Hollywood’s brightest stars headlined a fundraiser for President Joe Biden that took in a record $30 million-plus for a Democratic candidate, according to his campaign, in hopes of energizing would-be supporters for a White House contest they said may rank among the most consequential in U.S. history.
George Clooney, Julia Roberts and Barbra Streisand were among those who took the stage at the 7,100-seat Peacock Theater in Los Angeles on Saturday night. Late-night host Jimmy Kimmel interviewed Biden and former President Barack Obama, who both stressed the need to defeat former President Donald Trump in a..."
Biden Campaign Raises $30 Million At Star-Studded Hollywood Fundraiser,center,"President Joe Biden slammed the U.S. Supreme Court as ""out of kilter"" at a glitzy fundraiser in Los Angeles on Saturday with former President Barack Obama and top Hollywood celebrities that has raised over $30 million.
Late-night TV host Jimmy Kimmel began by showing a video montage contrasting Biden's record with that of his predecessor and current Republican challenger Donald Trump. He drew cheers from the audience at a packed Peacock Theater in downtown Los Angeles, where Hollywood celebrities George Clooney and Julia Roberts were among the guests.
Biden, a Democrat who has frequently denounced specific..."
Biden Campaign Raises $30 Million At Star-Studded Hollywood Fundraiser,conservative,"President Joe Biden took aim at the 'far out' conservative Supreme Court and blasted Donald Trump while appearing alongside former President Obama at a glitzy fundraiser in Los Angeles on Saturday night as protesters gathered outside.
The president was on the west coast to raise money for his reelection bid alongside Obama at the celebrity-packed event fresh off a trip to the G7 in Italy.
The event raised more than $30 million for the president's campaign according to a campaign official and was attended by Hollywood royalty including George Clooney, Julia Roberts and Barbra Streisand."
Education Secretary Says Federal Student Loan Pause Will Soon End,liberal,"Education Secretary Miguel Cardona said that the current pause on student loan repayments will end ""no later than June 30.""
Driving the news: ""The emergency period is over and we're preparing our borrowers to restart,"" Cardona said Thursday at a Senate appropriations committee hearing.
The current pause on student loan repayments, announced in November, is set to end 60 days after June 30, or 60 days after the Supreme Court issues its long-awaited ruling on debt relief.
The big picture: The Biden administration's student loan forgiveness plan currently remains in legal limbo, but the Supreme Court during oral arguments in..."
Education Secretary Says Federal Student Loan Pause Will Soon End,center,"Education Secretary Miguel Cardona confirmed this week that the Department of Education is preparing to restart student loan payments later this year.
“The emergency period is over, and we’re preparing our borrowers to restart,” Cardona said at a Senate Appropriations hearing on Thursday, as the national COVID-19 public health emergency was set to expire at midnight.
Cardona reiterated that the Biden administration plans to restart student loan payments no later than 60 days after June 30, despite some speculation that the pause would be extended for a 10th time.
The timing hinges on the..."
Education Secretary Says Federal Student Loan Pause Will Soon End,conservative,"The Education Department is ""preparing to restart"" federal student loan debt repayments after a three-year pause now that the COVID-19 pandemic emergency has ended, Secretary Miguel Cardona told lawmakers this week.
Cardona revealed the administration's intentions at a Senate Appropriations Committee hearing on Thursday, when Sen. Katie Britt, R-Ala., asked him why the government should forgive student loan borrowers when President Biden is demanding that Congress pay its debt obligations in arguments with Republicans over the debt limit.
Britt, a first-term senator, cited remarks about the federal debt made Monday by White House..."
Perspectives: Americans Remain Split On Severity Of China-Russia Alliance,liberal,"The Biden administration has handled the Ukraine crisis intelligently and effectively, formulating a policy that could be described as “deterrence plus diplomacy.” It made credible threats about the costs of a Russian invasion and rallied its European allies in an impressive show of unity. And while (correctly) refusing to promise that Ukraine will be barred from NATO, it has offered to discuss almost everything else, from arms control to missile deployments.
This crisis, however, has highlighted a larger strategic failure, one that extends beyond this administration. One of the central rules of strategy is to divide your adversaries...."
Perspectives: Americans Remain Split On Severity Of China-Russia Alliance,center,"As Russia threatens the largest land invasion in Europe since World War II, the most consequential strategic question of the 21st century is becoming clear: How can the United States manage two revisionist, autocratic, nuclear-armed great powers (Russia and China) simultaneously? The answer, according to many politicians and defense experts, is that Washington must moderate its response to Russia in Europe to focus on the greater threat posed by China in the Indo-Pacific.
This would be a mistake.
The United States remains the world’s leading power with global interests, and it cannot afford..."
Perspectives: Americans Remain Split On Severity Of China-Russia Alliance,conservative,"It’s been more than 75 years since the U.S. last faced an axis of strategic threats. Fortunately, that axis proved dysfunctional. Had it been otherwise, Japan and Germany would have systematically attacked the Soviet Union, not America, first.
Our current strategic adversaries, Russia and China, aren’t an axis. They’ve formed an entente, tighter today than any time since de-Stalinization split the communist world. Involving some mutual interests and objectives, displays of support, and coordination, ententes are closer than mere bilateral friendships but discernibly looser than full alliances. The pre-World War..."
Biden Admin to Issue Protection for Unauthorized Migrants Married to US Citizens,liberal,"The Biden administration is taking executive action to protect undocumented spouses of American citizens — a move that would shield about 500,000 immigrants from deportation.
The White House announced the election-year policy Tuesday, framing it as “new action to keep families together.” NBC News reported that an executive action protecting the spouses was likely to be announced soon, after urging from immigration advocates and Democratic lawmakers and as President Joe Biden courts Latino voters in crucial battleground states.
Lawmakers have been briefed on the plan and at least some have been invited to the..."
Biden Admin to Issue Protection for Unauthorized Migrants Married to US Citizens,center,"The Biden administration will allow certain undocumented immigrants married to U.S. citizens to stay in the country and work legally, expanding a program that’s currently used to provide papers to immediate family of military servicemembers.
The Tuesday morning announcement comes amid the 12-year anniversary celebration of the Deferred Action for Childhood Arrivals (DACA) program, which President Biden will celebrate at the White House later in the day with immigrant advocacy and Latino leaders.
Biden’s move comes weeks after the administration adopted a crackdown on asylum at the U.S.-Mexico border that angered the same groups the new..."
Biden Admin to Issue Protection for Unauthorized Migrants Married to US Citizens,conservative,"President Joe Biden is unveiling new actions Tuesday that will speed a pathway to legal residency for about 500,000 undocumented people living in the United States.
Biden’s announcement, made days after the 12th anniversary of the Deferred Action for Childhood Arrivals program, comes just weeks after the president signed an executive order that will forcibly close the southern border and allow the federal government to expand deportation procedures for incoming immigrants when crossings reach a certain threshold, a policy that drew sharp condemnation from immigration activists and members of his own party.
Biden’s..."
"Youngkin Wins in Virginia, Tight Race in New Jersey",liberal,"Virginia voters chose Republican Glenn Youngkin as their next governor, a dramatic reversal for a state that had appeared solidly Democratic in recent years and a significant loss for President Biden and the party’s establishment.
Former Democratic governor Terry McAuliffe came up short in his bid to become only the second Virginia governor since the Civil War to win a second term, with key suburban districts joining rural parts of the state in favoring Youngkin by a narrow margin.
Republicans appeared to sweep the other statewide races, with Winsome Sears winning for lieutenant governor..."
"Youngkin Wins in Virginia, Tight Race in New Jersey",center,"Republicans pushed Democrats out of the Virginia governorship and had a far stronger-than-expected showing in heavily Democratic New Jersey on Wednesday, signaling trouble for President Joe Biden's party heading into next year's congressional elections.
Republican Glenn Youngkin, a former private equity executive, claimed victory over Democratic former Governor Terry McAuliffe in Tuesday's vote after distancing himself just enough from former President Donald Trump to win back moderates who had supported Biden just a year ago.
In New Jersey, Republican challenger Jack Ciattarelliperformed far better than expected against incumbent Democrat Phil Murphy,even..."
"Youngkin Wins in Virginia, Tight Race in New Jersey",conservative,"Republican Glenn Youngkin's shocking defeat of Democrat Terry McAuliffe Tuesday in the Virginia gubernatorial contest will almost certainly serve as a blueprint for Republicans in the post-Trump era.
Youngkin’s victory was consistent with late October polls that showed him burning through McAuliffe’s summer lead and claiming a modest advantage on the strength of his message about education and the economy.
Rising prices and drama at school board meetings created the ideal backdrop for Youngkin’s devotion to the kitchen-table issues that McAuliffe was widely perceived as having ignored, as he focused more on..."
"Second Whistleblower Emerges in Trump-Ukraine Controversy, According to Attorneys of First",liberal,"Mark Zaid, the attorney representing the whistleblower who sounded the alarm on President Donald Trump's dealings with Ukraine and triggered an impeachment inquiry, tells ABC News that he is now representing a second whistleblower who has spoken with the inspector general.
Zaid tells ABC News' Chief Anchor George Stephanopoulos that the second person -- also described as an intelligence official -- has first-hand knowledge of some of the allegations outlined in the original complaint and has been interviewed by the head of the intelligence community's internal watchdog office, Michael Atkinson...."
"Second Whistleblower Emerges in Trump-Ukraine Controversy, According to Attorneys of First",center,"WASHINGTON—The legal team representing the Central Intelligence Agency officer behind the complaint that helped spark an impeachment inquiry into President Trump is now advising “multiple whistleblowers,” the attorneys said Sunday.
The existence of at least one additional whistleblower could complicate President Trump’s efforts to counter the impeachment proceedings building against him in Congress. Mr. Trump repeatedly has sought to attack the credibility and motive of the first individual who filed a formal whistleblower complaint in August.
“I can confirm that my firm and my team represent multiple whistleblowers,” Andrew Bakaj,..."
"Second Whistleblower Emerges in Trump-Ukraine Controversy, According to Attorneys of First",conservative,"An attorney has said that a second whistleblower has come forward to speak with the intelligence community inspector general about President Trump’s dealings with Ukraine, including issues surrounding a controversial July 25 phone call between Trump and Ukrainian President Volodymyr Zelensky.
The second whistleblower, whose existence was first reported Sunday, is said to be an intelligence official who is represented by Andrew Bakaj and Mark Zaid, the same attorneys representing the first whistleblower. Zaid said the second whistleblower has firsthand knowledge of the events detailed in the first whistleblower's complaint..."
Meta Says It Mistakenly Censored Trump Assassination Photo,liberal,"Donald Trump lashed out at Facebook Tuesday after the social media company apologized for fact-checking a photograph of the assassination attempt he faced earlier this month.
Trump accused both Facebook and Google of plotting against his presidential reelection bid by censuring photographs of the bloody and deadly attack in Butler, Pennsylvania, on July 13.
""Facebook has just admitted that it wrongly censored the Trump 'attempted assassination photo,' and got caught,"" Trump wrote. ""Same thing for Google. They made it virtually impossible to find pictures or anything about this heinous act."""
Meta Says It Mistakenly Censored Trump Assassination Photo,center,"Facebook apologized for mistakenly censoring a real photo of a bloodied Donald Trump post-assassination attempt, after initially targeting doctored images showing Secret Service agents smiling. The error occurred during an effort to remove a manipulated photo meant to spread misinformation. Facebook, owned by Meta, rectified the mistake, affirming the authenticity of the original photo captured by an Associated Press photographer, depicting Trump raising his fist after being shot. Meta’s action followed scrutiny and a fact-check confirming no agents were smiling, aimed at cleaning up misinformation on its platform."
Meta Says It Mistakenly Censored Trump Assassination Photo,conservative,"Facebook acknowledged that it mistakenly censored the iconic image of former President Donald Trump with his fist raised in the immediate aftermath of the July 13 assassination attempt in Pennsylvania.
A post on Mark Zuckerberg’s social media site by a user with the handle End Wokeness that showed the Republican presidential candidate defiantly pumping his fist in the air while blood streams down his face had initially been flagged as misinformation.
The user was threatened with being deplatformed.
However, on Monday, Dani Lever, a spokesperson for the social network’s parent company, Meta, admitted..."
Tracking Abortion Protests in Response to Supreme Court's Roe v Wade Leak,liberal,"With the Supreme Court poised to overturn abortion protections, people took to the streets in cities across the country to protest for the right to safe, accessible abortion care for all.
Within hours of Politico’s reporting on a leaked draft Supreme Court opinion on Monday, people flooded the steps of the Supreme Court in Washington, D.C., protesting against the court’s apparent plan to overturn the landmark abortion protections of Roe v. Wade.
By late Tuesday, hundreds more had gathered outside the nation’s highest court.
Queer activists — whose rights to same-sex marriage and consensual sex are also..."
Tracking Abortion Protests in Response to Supreme Court's Roe v Wade Leak,center,"Some social media users frustrated with the recent leaked opinion from the Supreme Court regarding the potential overturn of Roe v. Wade have called for a Mother's Day Strike.
On Tuesday a leaked draft opinion showed the Supreme Court was preparing to strike down Roe v. Wade, the 1973 landmark ruling that guarantees abortion rights.
Such a bombshell ruling could instantly make abortion illegal in at least 13 states with legal access to abortion varying widely across the country.
Following the leak, many people took to the streets to protest outside the Supreme Court in Washington. And now, multiple people..."
Tracking Abortion Protests in Response to Supreme Court's Roe v Wade Leak,conservative,"Left-wing activist groups are planning to send protesters to the homes of conservative Supreme Court justices following a leak indicating the court may soon overturn Roe v. Wade.
The activists are organizing under the moniker ""Ruth Sent Us"" and have published the supposed home addresses of Justices Amy Coney Barrett, John Roberts, Samuel Alito, Brett Kavanaugh, Clarence Thomas and Neil Gorsuch.
""Our 6-3 extremist Supreme Court routinely issues rulings that hurt women, racial minorities, LGBTQ+ and immigrant rights,"" the group's website reads. ""We must rise up to force accountability using a..."
US Intel: Putin Likely Did Not Directly Order Navalny's Death,liberal,"Russia has dismissed a report claiming Vladimir Putin did not order the killing of famed dissident Alexei Navalny, who died in an Arctic prison in February.
Dmitry Peskov, Putin’s spokesman, told Russia’s state-run media on Saturday that he had seen the Wall Street Journal report, which cited an assessment by U.S. intelligence agencies, and that there was little reason to believe it. He derided its logic and said it wasn’t worth looking into.
“I would not say that this is high-quality material that deserves any attention. Some very empty reasoning,” Peskov said.
The Kremlin’s rejection of the U.S. report oddly..."
US Intel: Putin Likely Did Not Directly Order Navalny's Death,center,"U.S. intelligence agencies signal that Russian President Vladimir Putin may not have planned for Alexei Navalny to have died when he did, a new report said.
The Wall Street Journal report said U.S. agencies have determined that Putin likely didn’t order Navalny to be killed in February, but it doesn’t entirely excuse him from responsibility.
The determination has been shared and agreed upon by officials at the Central Intelligence Agency, the Office of the Director of National Intelligence and the State Department’s intelligence unit.
Navalny, a Russian opposition leader, rose to prominence for..."
US Intel: Putin Likely Did Not Directly Order Navalny's Death,conservative,"US intelligence officials do not think Russian President Vladimir Putin is responsible for the death Alexei Navalny, according to a report slammed by one critic as “absurd.”
Alexei Navalny was found dead in a notorious Arctic penal colony in February, sparking worldwide outrage over the loss of the opposition leader who was widely seen as Putin’s strongest critic.
But various US agencies — including the Central Intelligence Agency, the Office of the Director of National Intelligence, and the State Department’s intelligence unit — agree Russia’s strongman is likely not directly to blame, people familiar with..."
Arson at Tesla’s Germany Factory Highlights Split Between Environmentalism and Renewables,liberal,"A group of left-wing extremists has claimed responsibility for the suspected arson attack that shut down the Tesla Gigafactory outside of Berlin on Tuesday.
The group, which calls itself “Vulkangruppe Tesla Abschalten” (also known as “Vulcan Group” or “Volcano Group”), said in a statement posted to Kontrapolis.info that it aimed to cause “the largest possible blackout of the Gigafactory,” citing environmental and labor concerns as motivations behind the attack. (Google Translate was used to translate the letter from German to English. All quotes in this article are from that translation.)
Production was halted..."
Arson at Tesla’s Germany Factory Highlights Split Between Environmentalism and Renewables,center,"After a far-left group set an electricity transmission tower near Tesla’s only German factory ablaze on Tuesday, the facility lost all power and was forced to halt production.
That pause was initially expected to last until next Monday, March 11. But now Tesla expects production to be suspended until the end of next week, Bild reports, due to issues repairing the sabotaged 30-meter tower.
Gigafactory Berlin-Brandenburg’s senior director, Andre Thierig, said Tuesday that he expects the incident to cost a “high nine-figure amount.” But that was when production was planned to resume on..."
Arson at Tesla’s Germany Factory Highlights Split Between Environmentalism and Renewables,conservative,"Tesla Founder Elon Musk directed criticism at a group who appeared to claim responsibility for a suspected arson attack Tuesday on Europe’s only Tesla factory in northeastern Germany.
“[U]nknown perpetrators deliberately set fire to a high-voltage pylon between Steinfurt and Hartmannsdorf in the early morning of March 5th,” the State of Brandenburg’s Interior Ministry said in a statement. “The fire damaged the high-voltage power line so much that the power supply to the surrounding towns and the nearby TESLA factory failed.”
Power outages from the suspected arson attack affected some 2,000..."
"DA in Trump Case Acknowledges Personal Relationship, Denies Wrongdoing",liberal,"Fulton County District Attorney Fani T. Willis (D) admitted she had a personal relationship with an outside prosecutor she appointed to manage the election interference case against former president Donald Trump and his allies but denied claims that the relationship had tainted the proceedings.
In a 176-page court filing on Friday, Willis called the claims against her “meritless” and “salacious.” She asked a judge to reject motions from Trump and other co-defendants that seek to disqualify her and her office from the case — and to do so without an evidentiary hearing. Willis denied..."
"DA in Trump Case Acknowledges Personal Relationship, Denies Wrongdoing",center,"Fulton County, Ga., District Attorney Fani Willis (D) acknowledged developing a “personal relationship” with the top prosecutor in former President Trump’s Georgia criminal case in a new court filing Friday, but she said it was no reason for her to step aside.
Trump co-defendant Michael Roman last month first accused Willis and special prosecutor Nathan Wade of having romantic ties, claiming it rendered the far-reaching Georgia election interference indictment “fatally defective.”
Wills responded to those accusations in court filings on Friday, writing that the motion is “salacious” and “designed to obtain” media attention. She offered a forceful defense of Wade as “a leader more..."
"DA in Trump Case Acknowledges Personal Relationship, Denies Wrongdoing",conservative,"Embattled Fulton County District Attorney Fani Willis admitted to having a “personal relationship” with lead prosecutor Nathan Wade but says this shouldn’t warrant tossing out the charges against former President Donald Trump and his co-defendants.
“In 2022, District Attorney Willis and I developed a personal relationship in addition to our professional association and friendship,” Wade wrote in an affidavit released by Willis’ office in court papers they filed Friday.
But the filing said there was no “personal relationship” at the time Wade was hired.
“Although District Attorney Willis and Special Prosecutor..."
Biden Admin Proposes Federal Safety Standards to Protect Workers From Heat,liberal,"President Joe Biden on Tuesday proposed a new rule to address excessive heat in the workplace, warning — as tens of millions of people in the U.S. are under heat advisories — that high temperatures are the country’s leading weather-related killer.
If finalized, the measure would protect an estimated 36 million U.S. workers from injuries related to heat exposure on the job — establishing the first major federal safety standard of its kind. Those affected by excessive heat in the workplace include farmworkers, delivery and construction workers, landscapers and indoor workers in warehouses, factories..."
Biden Admin Proposes Federal Safety Standards to Protect Workers From Heat,center,"The Biden administration plans to require employers to give workers shaded rest areas and water when temperatures soar, part of a proposed rule that comes as temperature records fall nationwide—as some states have prevented local governments from providing similar protections in recent months.
Under proposed regulations for the Occupational Safety and Health Administration, employers in the U.S. will be required to monitor their workers and provide access to shade, water and rest breaks, the White House said.
The new protections will be required when the heat index—what the temperature feels like with added humidity—reaches 80..."
Biden Admin Proposes Federal Safety Standards to Protect Workers From Heat,conservative,"The Biden administration is announcing new steps to combat extreme heat on Tuesday, including introducing the first federal safety standard addressing excessive heat in the workplace and allocating nearly $1 billion to help communities protect against natural disasters.
The Department of Labor’s Occupational Safety and Health Administration is proposing a rule that would enact workplace requirements aiming to protect workers from extreme heat, including requirements for identifying heat hazards, developing heat illness and emergency response plans, providing training to employees and supervisors, and implementing work practice standards such as rest breaks, access to shade..."
Federal Court Says Trump Not Immune In January 6 Case,liberal,"Former President Trump can be sued over his alleged role in inciting violence in the Jan. 6 insurrection on the Capitol, a federal appeals court ruled Friday.
Why it matters: The 2024 presidential candidate would not be protected by presidential immunity regarding remarks made before the attack because his re-election campaign was ""not an official presidential act,"" a three-judge panel on the U.S. Court of Appeals for the District of Columbia held.
""The Office of the Presidency as an institution is agnostic about who will occupy it next,"" Chief Judge Sri Srinivasan wrote. ""And campaigning to gain that..."
Federal Court Says Trump Not Immune In January 6 Case,center,"A federal judge on Friday rejected former President Trump’s argument that he is immune in his 2020 election subversion criminal case, while also denying his other constitutional defenses.
“Whatever immunities a sitting President may enjoy, the United States has only one Chief Executive at a time, and that position does not confer a lifelong ‘get-out-of-jail-free’ pass, Former Presidents enjoy no special conditions on their federal criminal liability,” U.S. District Judge Tanya Chutkan wrote in the 48-page ruling.
“Defendant may be subject to federal investigation, indictment, prosecution, conviction, and punishment for any..."
Federal Court Says Trump Not Immune In January 6 Case,conservative,"A federal judge in Washington, D.C. denied former President Trump's claim of presidential immunity on Friday and ruled against his request to drop the Jan. 6 case.
U.S. District Judge Tanya Chutkan of the District of Columbia, responding to Trump's claim that the Constitution grants him ""absolute immunity from criminal prosecution for actions performed within the ‘outer perimeter’ of his official responsibility,"" wrote that the former president doesn't have a ""lifelong ‘""get-out-of-jail-free’ pass.""
""Former Presidents enjoy no special conditions on their federal criminal liability. Defendant may be subject to federal investigation, indictment,..."
Feud Over Masks on Public Transportation Revives Politicized Mandate Debate,liberal,"I absolutely hate wearing a mask on long flights. I'm also appalled that masks are no longer required for air travel and on other forms of public transit.
On Monday, a federal judge in Florida ruled that the Biden administration's public transportation mask mandate was unenforceable. The US Centers for Disease Control and Prevention, US District Judge Kathryn Kimball Mizelle held, overstepped its authority in issuing the directive requiring masks on airplanes and other forms of mass transit.
This decision is particularly disastrous for older adults, the ill and the immunocompromised, who still face..."
Feud Over Masks on Public Transportation Revives Politicized Mandate Debate,center,"With the removal of the federal mask mandate on public transportation, whether and when to mask has become largely a personal choice.
Changes in the trajectory and impacts of the Covid-19 pandemic and shifts in messaging from authorities can make the decision harder.
Although much of the U.S. no longer requires people to wear masks in indoor public settings, there are still scenarios where wearing a mask could be beneficial, public-health and infectious-disease experts say. Factors that help determine whether you should consider masking include local Covid-19 levels, where you are going and your underlying health conditions, as well..."
Feud Over Masks on Public Transportation Revives Politicized Mandate Debate,conservative,"On Monday, a federal judge struck down the unpopular and ridiculous mask mandate for airplanes and other modes of public transportation .
Kathryn Kimball Mizelle, who sits on the U.S. District Court for the Middle District of Florida,  wrote that ""the [mandate] exceeded the CDC’s statutory authority, improperly invoked the good cause exception to notice and comment rulemaking, and failed to adequately explain its decisions. Because 'our system does not permit agencies to act unlawfully even in pursuit of desirable ends,' the Court declares unlawful and vacates the [mask mandate].""
Mizelle underscored the importance of the government following..."
Twitter Permanently Suspends Project Veritas Account,liberal,"Twitter permanently banned an account on Thursday belonging to Project Veritas, a conservative group founded by controversial activist James O'Keefe.
The decision followed what a Twitter (TWTR) spokesperson described to CNN Business as repeated violations of the platform's policies prohibiting sharing — or threats of sharing — other people's private information without consent.
Twitter declined to say what specific tweets may have triggered the enforcement action. But in a post on Project Veritas's public Telegram channel Thursday afternoon, the group said the suspension occurred after it published a video..."
Twitter Permanently Suspends Project Veritas Account,center,"Twitter permanently suspended an account belonging to Project Veritas on Thursday, citing repeat violations of the site's policies against publishing private information.
A Twitter spokesperson confirmed to The Hill that the main Project Veritas account was permanently suspended, while founder James O'Keefe had his account temporarily locked. Several recent tweets on O'Keefe's timeline appeared to have been deleted by Thursday afternoon.
Twitter did not immediately return a request for comment regarding private information shared by Veritas and O'Keefe.
Founded in 2010, Project Veritas is a right-wing group that routinely published..."
Twitter Permanently Suspends Project Veritas Account,conservative,"Twitter restricted journalist James O’Keefe’s Twitter account, as well as that of his founding organization Project Veritas on Thursday morning, citing violation of “rules against posting private information.”
This decision by Twitter comes after Project Veritas’s reporting on Facebook Vice President Guy Rosen saying the Big Tech platform intentionally “freezes,” via algorithms, comments where hate speech “may be.”
Project Veritas captured Rosen saying the following during a leaked internal Facebook call meeting. The clips were released Wednesday.
“We have a system that is able to freeze commenting on threads in..."
US Accuses Russia of Trying to Influence 2024 Election,liberal,"The Biden administration has accused Russia of carrying out a sustained disinformation campaign targeted at American voters and meant to influence the outcome of November’s presidential elections.
In its most direct accusation of election meddling to date, the US government accused the state-financed RT (formerly known as Russia Today) and other Russian state-backed media of spearheading a covert campaign of disinformation promoting pro-Kremlin views laundered through their online and television networks.
The treasury department also sanctioned the RT’s editor-in-chief, Margarita Simonyan, and nine other employees of the network over the campaign of disinformation around..."
US Accuses Russia of Trying to Influence 2024 Election,center,"The US has charged and sanctioned Russian state media executives and restricted Kremlin-linked broadcasters as it accused Moscow of a widespread campaign to interfere with the presidential election.
The justice, state and treasury departments announced coordinated actions on Wednesday to ""aggressively counter"" the alleged operations.
Attorney General Merrick Garland accused state broadcaster RT, formerly Russia Today, of paying a Tennessee firm $10m to ""create and distribute content to US audiences with hidden Russian government messaging"".
RT boss Margarita Simonyan was one of 10 people sanctioned for alleged attempts to harm..."
US Accuses Russia of Trying to Influence 2024 Election,conservative,"The Biden administration on Wednesday accused Russia of trying to influence the 2024 U.S. presidential election by targeting American voters through state-run media and other online platforms as part of a campaign referred to as ""doppelganger.""
Attorney General Merrick Garland, speaking alongside FBI Director Christopher Wray and Deputy Attorney General Lisa Monaco, said prosecutors have unsealed an indictment in the Southern District of New York of ""two Russian-based employees of RT, a Russian state-controlled media outlet"" that charges them with ""conspiring to commit money laundering and to violate the Foreign Agents Registration..."
‘President Musk?’: Democrats Criticize DOGE Influence After Spending Bill Fails,liberal,"Rep. Daniel Goldman (D-NY) accused President-elect Donald Trump of being Elon Musk’s “puppet” on Wednesday after Trump followed Musk’s lead in opposing House Speaker Mike Johnson’s (R-LA) continuing resolution to keep the government open.
“As the shadow Pres-Elect, Elon Musk is now calling the shots for House Rs on government funding while Trump hides in Mar-a-Lago behind his handlers,” Goldman wrote on X in reply to Musk declaring, “Absolutely, this bill should NOT pass. A new bill that isn’t an insane crime against the American people should be done in 33 days.”
Goldman added, “It increasingly seems like..."
‘President Musk?’: Democrats Criticize DOGE Influence After Spending Bill Fails,center,"Elon Musk’s aggressive push against a stopgap measure to prevent a government shutdown received mixed reactions from House Republicans, even as it seemingly ended in success with President-elect Trump and Vice President-elect Vance announcing their own opposition to the measure.
Musk and Vivek Ramaswamy, the co-leaders of Trump’s “Department of Government Efficiency” (DOGE), fired off a series of posts online Wednesday railing against the more than 1,500-page stopgap spending deal released just days ahead of the Dec. 20 shutdown deadline.
The tech entrepreneurs argued the deal goes against the goals of their DOGE panel,..."
‘President Musk?’: Democrats Criticize DOGE Influence After Spending Bill Fails,conservative,"House Democrats on Thursday fumed over the spending bill drama and what they characterized as the outsize influence of Elon Musk and others in President-elect Trump’s orbit, after a bipartisan plan brokered by House Speaker Mike Johnson, R-La., collapsed just hours earlier.
Speaking to reporters outside a leadership meeting on Thursday, House Democrats expressed disappointment in Republicans for walking away from the negotiated argument, and many accused them of appearing to take cues from Musk.
Rep. Jerry Nadler, D-N.Y., labeled the billionaire X owner ""President Musk"" while speaking to reporters..."
Supreme Court Denies Health Care Workers' Religious Challenge to NY Vaccine Mandate,liberal,"WASHINGTON — The Supreme Court on Monday refused to block New York’s requirement that health care workers be vaccinated against the coronavirus even when they cite religious objections.
As is often the court’s practice in rulings on emergency applications, its unsigned order included no reasoning. But Justice Neil M. Gorsuch filed a 14-page dissent saying that the majority had betrayed the court’s commitment to religious liberty.
Justice Samuel A. Alito Jr. joined Justice Gorsuch’s dissent. Justice Clarence Thomas also said he would have blocked the vaccine requirement, but he gave no reasons...."
Supreme Court Denies Health Care Workers' Religious Challenge to NY Vaccine Mandate,center,"The Supreme Court on Monday turned down two requests to block New York’s vaccine mandate for health care workers. Two groups of health care workers are challenging the mandate, arguing that it violates their constitutional right to freely exercise their religion. But over the public dissents of three conservative justices, the court denied the workers’ requests to put the mandate on hold while litigation continues.
The dispute centers on a regulation issued by New York’s state health department that requires all health care workers in the state to be vaccinated against COVID-19 unless..."
Supreme Court Denies Health Care Workers' Religious Challenge to NY Vaccine Mandate,conservative,"For the second time in less than two months, Justices Amy Coney Barrett and Brett Kavanaugh joined with Chief Justice John Roberts and the Supreme Court’s three progressives (Justices Stephen Breyer, Sonia Sotomayor, and Elena Kagan) to uphold a state vaccine mandate over a religious-liberty challenge by medical professionals.
This time, it was New York’s vaccine mandate, which initially included an exemption for religious objectors. These objectors included some Catholics and other Christians who oppose abortion. The vaccines are derived in part from abortion — specifically, from fetal-cell lines used in..."
House Republicans Launch Investigation Into Biden Family,liberal,"House Republicans on Wednesday opened their long-promised investigation into President Joe Biden and his family, wielding the power of their new majority to demand information from the Treasury Department and former Twitter executives as they laid the groundwork for public hearings.
“Now that Democrats no longer have one-party rule in Washington, oversight and accountability are coming,” Rep. James Comer, chairman of the House Oversight Committee, said in a statement.
The Republican-led committee sent a series of letters requesting financial information from the Treasury Department about financial transactions by members of..."
House Republicans Launch Investigation Into Biden Family,center,"New House Oversight and Accountability Committee Chairman James Comer (R-Ky.) on Wednesday launched the GOP’s long-awaited investigation into President Biden and his family’s finances, requesting information from the Treasury Department.
Comer sent a letter to Treasury Secretary Janet Yellen asking for documents and information on Biden’s family businesses, including any suspicious activity reports (SARs) generated by banks in relation to the Biden family. Comer said in the letter that his committee is investigating Biden’s involvement in his family’s “foreign business practices and international influence peddling schemes.”
Republicans have been preparing to..."
House Republicans Launch Investigation Into Biden Family,conservative,"The House Oversight Committee informed former Twitter executives Wednesday that they are expected to testify at an early February hearing on the platform’s decision to censor The Post’s October 2020 reporting on documents from first son Hunter Biden’s laptop.
Twitter barred distribution of articles that linked President Biden to his son’s foreign business relationships weeks ahead of the 2020 election, claiming without evidence that the articles violated a “hacked materials” policy.
Committee Chairman James Comer (R-Ky.) told former Twitter officials Vijaya Gadde, Yoel Roth and James Baker that he will..."
What Did Republicans Reveal About the Alleged Biden Family Briery Scheme?,liberal,"Senator Chuck Grassley on Thursday released the FBI report that Republicans claim proves the Bidens accepted bribes from Ukraine. But there’s just one problem: There’s still no evidence.
House Republicans have accused the Biden family of corruption for months but have been unable to provide any actual evidence linking President Joe Biden or his son Hunter to any wrongdoing. The GOP has repeatedly insisted that the just-released FBI document, which House members were initially allowed to see in June, proves the two men accepted bribes.
But this is an unverified form, and it relies on a..."
What Did Republicans Reveal About the Alleged Biden Family Briery Scheme?,center,"New details from a previously redacted FBI document claim that the owner of Ukrainian gas company Burisma thought Hunter Biden was dumber than his dog.
Republican Senator Chuck Grassley of Iowa on Thursday dispersed more details from the FBI's FD-1023 document that has been claimed for months by Grassley and House Oversight Committee Chairman James Comer of Kentucky to contain ""credible"" evidence that President Joe Biden and his son engaged in questionable business dealings.
The document from June 2020 says that Joe and Hunter Biden each received $5 million from Mykola Zlochevsky, a former elected official and current owner of..."
What Did Republicans Reveal About the Alleged Biden Family Briery Scheme?,conservative,"The compelling congressional testimony of two IRS whistleblower agents has established three things.
First, the investigation into Biden corruption — millions of dollars pouring into the family coffers from apparatchiks of corrupt and anti-American regimes seeking to buy Joe Biden’s political influence — is real and has been thwarted by the Biden Justice Department. Second, the president’s son Hunter Biden received preferential treatment, and, next week, a federal judge should reject the sweetheart plea deal he was given by the Justice Department. Third, Attorney General Merrick Garland owes the country an explanation for why..."
Justice Department Will Review Police Response To Uvalde School Shooting,liberal,"The Justice Department said Sunday it will review the law enforcement response to the Texas school shooting, an unusual federal look back prompted by questions about the shifting and at times contradictory information from authorities that have enraged a community in shock and sorrow.
Department spokesman Anthony Coley said the review would be conducted in a fair, impartial and independent manner and the findings would be made public. The announcement came as President Joe Biden was visiting Uvalde, where he and first lady Jill Biden paid their respects at a memorial to the 19 students..."
Justice Department Will Review Police Response To Uvalde School Shooting,center,"The Department of Justice will review law enforcement’s response to Tuesday’s elementary school shooting in Uvalde, Texas, the agency announced Sunday, after local police were criticized for not quickly confronting the shooter.
The review aims to offer an independent account of law enforcement’s actions on the day of the shooting, and will identify lessons for first responders preparing for future active shooter incidents, DOJ spokesperson Anthony Coley said in a statement.
The review was requested by Uvalde Mayor Don McLaughlin and will be carried out by the DOJ’s Community Oriented..."
Justice Department Will Review Police Response To Uvalde School Shooting,conservative,"The Department of Justice said Sunday it will review the law enforcement response to the mass shooting that killed 19 school children and two adults in Uvalde, Texas.
Justice Department spokesman Anthony Coley said the critical incident review was requested by Uvalde Mayor Don McLaughlin.
“The goal of the review is to provide an independent account of law enforcement actions and responses that day, and to identify lessons learned and best practices to help first responders prepare for and respond to active shooter events,” Mr. Coley said.
The DOJ announced the review as President Biden and first lady Jill Biden..."
Media Emphasizes Trump’s Off-Message Tangents During Economic Policy Speech,liberal,"Donors and allies of former President Donald Trump are concerned that his inability to stay on message and stay away from conspiracy theories is stunting his chances of targeting the momentum of Vice President Kamala Harris.
Trump’s reaction to the upended campaign following the departure of President Joe Biden and the ascension of Harris to the top of the ticket has been to double down on his penchant for abusive messages and attacks.
Allies of Trump see his conspiratorial messages and insults based on race as anything but productive. They want him to focus his attacks on policy issues,..."
Media Emphasizes Trump’s Off-Message Tangents During Economic Policy Speech,center,"Former President Trump on Wednesday tried to narrow his focus to the economy during a speech in North Carolina, blasting Vice President Harris over higher prices and Americans’ financial struggles amid pressure to recalibrate his campaign approach.
Trump delivered remarks to supporters in Asheville that he acknowledged were intended to specifically be about the economy. But the speech mostly resembled his typical rally remarks. He attacked Harris over her laugh and her intelligence, and he went on his usual extended riffs about immigration, making baseless claims that some migrants entering the country are..."
Media Emphasizes Trump’s Off-Message Tangents During Economic Policy Speech,conservative,"Former President Donald Trump tried, somewhat reluctantly, to pivot his campaign Wednesday from hurling personal insults against Vice President Kamala Harris to criticizing her economic record on scourges such as inflation, even as the White House claimed progress on the economy.
Campaigning in North Carolina, Mr. Trump said everyday prices, the cost of auto insurance and credit card debt have exploded and the country will never recover if Democrats get another four years in the White House.
“We will rapidly drive prices down and make America affordable again,” Mr. Trump said in Asheville, North Carolina, in front of..."
China Terminates Cooperation with US After Pelosi's Taiwan Visit,liberal,"China cut off contacts with the United States on vital issues Friday — including military matters and crucial climate cooperation — as concerns rose that the Communist government’s hostile reaction to House Speaker Nancy Pelosi’s Taiwan visit could signal a lasting, more aggressive approach toward its U.S. rival and the self-ruled island.
China’s move to freeze key lines of communication compounded the worsening of relations from Pelosi’s visit and from the Chinese response with military exercises off Taiwan, including firing missiles that splashed down in surrounding waters.
After the White House summoned..."
China Terminates Cooperation with US After Pelosi's Taiwan Visit,center,"U.S. Secretary of State Antony Blinken accused China of “irresponsible steps” on Saturday by halting key communication channels with Washington, and said its Taiwan actions showed a move from prioritising peaceful resolution towards use of force.
His comments came as Chinese aircraft and warships practised on Saturday for an attack on Taiwan, island officials said, part of a raft of steps taken by Beijing after a visit by U.S. House Speaker Nancy Pelosi earlier this week.
China’s retaliation in stopping bilateral processes in eight key areas including defence, narcotics, transnational..."
China Terminates Cooperation with US After Pelosi's Taiwan Visit,conservative,"China said Friday that it will stop accepting deportees from the U.S. as part of its retaliation for House Speaker Nancy Pelosi‘s visit this week to Taiwan.
The move was among nine steps announced by China‘s Foreign Affairs Ministry, along with ending cooperation on transnational crime and drugs, and halting talks on climate change.
It also raises the stakes for the Biden administration, which under U.S. law can punish countries that refuse to cooperate on deportations by refusing to issue new visas to that country’s citizens.
That decision belongs to Homeland Security Secretary Alejandro Mayorkas...."
US Intelligence Reportedly Warned of Possible Taliban Takeover,liberal,"Classified assessments by American spy agencies over the summer painted an increasingly grim picture of the prospect of a Taliban takeover of Afghanistan and warned of the rapid collapse of the Afghan military, even as President Biden and his advisers said publicly that was unlikely to happen as quickly, according to current and former American government officials.
By July, many intelligence reports grew more pessimistic, questioning whether any Afghan security forces would muster serious resistance and whether the government could hold on in Kabul, the capital. President Biden said on July 8 that the..."
US Intelligence Reportedly Warned of Possible Taliban Takeover,center,"In his Monday speech defending America’s chaotic withdrawal from Afghanistan, President Biden said he would not shrink from his share of responsibility.
That would include his decision to bring home U.S. troops, which was made against the recommendations of his top military generals and many diplomats, who warned that a hasty withdrawal would undermine security in Afghanistan, several administration and defense officials said.
The president’s top generals, including Chairman of the Joint Chiefs of Staff Army Gen. Mark Milley, urged Mr. Biden to keep a force of about 2,500 troops, the size..."
US Intelligence Reportedly Warned of Possible Taliban Takeover,conservative,"The top Republican on the House Foreign Affairs Committee pointed to the “rosy picture” the State Department had painted about Afghanistan as opposed to the increasingly “grim” intelligence community assessments in explaining why he believed the Biden administration miscalculated the Taliban takeover so badly.
Rep. Michael McCaul of Texas told the Washington Examiner the Biden administration ignored the bleak assessments from the Pentagon and the intelligence community, and he critiqued the U.S. Representative for Afghanistan Reconciliation, Ambassador Zalmay Khalilzad, who had negotiated the February 2020 deal in Doha, Qatar, with the Taliban..."
Fauci COVID-19 Hearing Provides Platform for Partisan Drama,liberal,"Dr. Anthony Fauci, the top U.S. infectious disease expert until leaving the government in 2022, faced heated questioning Monday from Republican lawmakers about the origins of the COVID-19 pandemic.
A Republican-led subcommittee has spent over a year probing the nation’s response to the pandemic and whether U.S.-funded research in China may have played any role in how it started. Democrats opened the hearing saying the investigation so far has found no evidence that Fauci did anything wrong while missing an important opportunity to prepare for the next scary outbreak.
Fauci – alternately a trusted..."
Fauci COVID-19 Hearing Provides Platform for Partisan Drama,center,"Rep. Marjorie Taylor Greene (R-Ga.) was reprimanded by Rep. Brad Wenstrup (R-Ohio), the chair of the House Oversight and Accountability Select Subcommittee on the Coronavirus Pandemic, for refusing to recognize Anthony Fauci as a doctor while questioning him.
Fauci, who became the face of the administration’s COVID-19 response while serving as head of the National Institute of Allergy and Infectious Diseases, testified before the GOP-led committee on Monday for the first time since retiring.
During Greene’s turn to question him, the Georgia Republican refused to call Fauci “doctor,” and instead referred to him as “Mr. Fauci.”
“Do you..."
Fauci COVID-19 Hearing Provides Platform for Partisan Drama,conservative,"Former National Institutes of Health official Anthony Fauci distanced himself from an aide’s email scandal during a Monday morning hearing before Congress.
David Morens, a longtime senior adviser to Fauci, turned over thousands of emails to the Select Subcommittee on the Coronavirus Pandemic earlier this year, many of which detailed his efforts to circumvent open records laws.
Morens wrote in private emails turned over to the committee that he deleted information that could be subject to a freedom of information request and also suggested that Fauci was trying to “protect” the scientist Peter Daszak, who has been cut off from..."
Federal Judge Reverses California Ban on Assault Weapons,liberal,"A federal judge in California on Friday overturned the state’s three-decade-old ban on assault weapons, which he called a “failed experiment,” prompting a sharp retort from the state’s governor.
California prohibited the sale of assault weapons in 1989. The law was challenged in a suit filed in 2019 against the state’s attorney general by plaintiffs including James Miller, a California resident, and the San Diego County Gun Owners, a political action committee.
The judge, Roger T. Benitez of the U.S. District Court for the Southern District of California, wrote that sections of the..."
Federal Judge Reverses California Ban on Assault Weapons,center,"A federal judge overturned California’s 32-year-old ban on assault weapons, calling the law unconstitutional in a Friday decision that compared AR-15s to Swiss Army knives, setting the stage for an appeals court battle over one of the country’s oldest assault weapons bans. San Diego judge Roger Benitez, an appointee of President George W. Bush, argued firearms like the AR-15 are “ordinary, popular, modern rifles” and are often useful for self defense and sport, so California’s ban runs afoul of the Second Amendment and the Supreme Court’s landmark 2008 D.C. v. Heller decision. The assault weapons ban will not..."
Federal Judge Reverses California Ban on Assault Weapons,conservative,"A federal judge in the Southern District of California ruled late on Friday that California’s controversial “assault weapons” ban is unconstitutional.
“This case is not about extraordinary weapons lying at the outer limits of Second Amendment protection,” Judge Roger T. Benitez wrote. “The banned ‘assault weapons’ are not bazookas, howitzers, or machineguns. Those arms are dangerous and solely useful for military purposes. Instead, the firearms deemed ‘assault weapons’ are fairly ordinary, popular, modern rifles. This is an average case about average guns used in average ways for average purposes.”
“One is..."
US Military Conducts 'Routine Intercept' of Russian Warplanes,liberal,"Two American F-16 warplanes intercepted four Russian aircraft near Alaska, the joint US-Canadian North American Aerospace Defense Command (NORAD) said Tuesday. The ""routine"" intercept of the Russian planes -- which included Tu-95 bomber and Su-35 fighter aircraft -- occurred Monday, NORAD said in a statement.
""Russian aircraft remained in international airspace and did not enter American or Canadian sovereign airspace,"" it said, adding that such Russian activity ""occurs regularly and is not seen as a threat, nor is the activity seen as provocative.""
The Air Defense Identification Zone, or ADIZ, is..."
US Military Conducts 'Routine Intercept' of Russian Warplanes,center,"The U.S. military said it intercepted four Russian warplanes near Alaska on Monday.
North American Aerospace Defense Command (NORAD) said it detected four Russian aircraft, including TU-95 BEAR-H bombers and SU-35 fighter aircraft, entering and operating within the Alaska Air Defense Identification Zone (ADIZ), according to a Tuesday statement from the command.
NORAD officials said they had anticipated the Russian activity and were able to quickly scramble two F-16 fighters to intercept the Kremlin aircraft in the ADIZ, which covers the international airspace outside of the U.S. and Canada near the far northern state.
Two F-35A..."
US Military Conducts 'Routine Intercept' of Russian Warplanes,conservative,"The US diverted four Russian aircraft flying near Alaska Monday in what government officials called a “routine intercept.”
The North American Aerospace Defense Command said Tuesday that it “detected, tracked, positively identified” the four aircraft, which included TU-95 BEAR-H bombers and SU-35 fighter jets.
“NORAD had anticipated this Russian activity and, as a result of our planning, was prepared to intercept it,” the agency said in a statement.
Though the aircraft were operating within the Alaska Air Defense Identification Zone, they remained in international airspace.
The interference occurred just hours after..."
Did News Agencies Use Photos From Pro-Hamas Journalists in Coverage of Israel Attacks?,liberal,"Two international news agencies and The New York Times have denied claims in a viral report alleging that photojournalists may have had prior knowledge of Hamas’ attacks in Israel last month and even possibly “coordinated” with the militant group in order to document the carnage.
An article published by HonestReporting Tuesday asked how photographers working for the Associated Press and Reuters were able to be at the breached border fence between Gaza and Israel early in the early morning of Oct. 7 as Hamas gunmen launched their assault. The article said the journalists’ presence “raises serious ethical questions” and asked if..."
Did News Agencies Use Photos From Pro-Hamas Journalists in Coverage of Israel Attacks?,center,"A number of news outlets have strongly rejected Israeli accusations that four freelance photographers they worked with in Gaza had prior knowledge of the Hamas attacks on 7 October.
Israeli minister Shlomo Karhi said ""certain individuals"" who had worked for Reuters, AP, CNN and the New York Times ""had prior knowledge"".
All four outlets have denied the claims.
The NYT said the ""outrageous"" accusations endangered freelancers.
Hamas launched devastating and unprecedented attacks on southern Israel on 7 October, killing more than 1,400 Israeli civilians and soldiers, and kidnapping more than..."
Did News Agencies Use Photos From Pro-Hamas Journalists in Coverage of Israel Attacks?,conservative,"In response to a Wednesday report indicating that several journalists were embedded with Hamas terrorists in the early stages of their attack on Israel, Israeli prime minister Benjamin Netanyahu’s office issued a sharp condemnation.
“These journalists were accomplices in crimes against humanity; their actions were contrary to professional ethics,” the Prime Minister’s office wrote in a post on X.
“Overnight the GPO (Government Press Office) issued an urgent letter to the bureau chiefs of the media organizations that employed these photographers and sought clarifications on the matter,” the post reads...."
Full Transcript of Devon Archer House Testimony Released,liberal,"Soon after Hunter Biden’s former business partner Devon Archer finished testifying before investigators working for the House Oversight Committee, two top House Republicans joined Sean Hannity’s Fox News program in prime time.
Archer’s testimony was enormously damaging to President Biden, they suggested, with House Oversight Committee Chairman James Comer (R-Ky.) insisting that Archer’s testimony made the bribery allegation he’d first introduced two months ago “more credible.” That allegation centered on the Ukrainian energy company Burisma, where Hunter Biden and Archer once sat on its board.
Archer “said that Hunter Biden..."
Full Transcript of Devon Archer House Testimony Released,center,"House Oversight Committee Chairman James Comer (R-Ky.) on Thursday released the transcript of a closed-door interview the panel conducted with Devon Archer, the former business associate of Hunter Biden whom Republicans view as a key witness in their investigation into the Biden family’s business dealings.
In the days between the interview and the release of the transcript, House members have offered conflicting interpretations of the testimony, with Republicans arguing it proved that President Biden “lied” when he said he had never spoken to his son about his foreign business dealings, and..."
Full Transcript of Devon Archer House Testimony Released,conservative,"Devon Archer, Hunter Biden’s former business partner, provided hours of testimony to the House Oversight Committee on a narrow scope of topics that his attorneys negotiated, the transcript of his closed-door interview showed.
The Oversight Committee released the transcript on Thursday amid competing summaries of Archer’s answers put forward by both Republicans and Democrats.
The transcript painted a more complicated picture of what Archer said about then-Vice President Joe Biden’s alleged involvement in his son’s business and why a Ukrainian energy company, Burisma, wanted to hire Hunter Biden in the..."
Taliban Victories Raise Fears of Complete Afghanistan Takeover,liberal,"Since international troops began withdrawing from Afghanistan in May, the Taliban have carried out a sweeping military campaign and gained control of much of the country’s rural areas. But for months, the insurgents failed to capture major cities — until now.
Over the past six days, the insurgents have overrun nine provincial capitals across the country, most of them clustered in the north, in a major escalation of their military offensive and a devastating setback for the Afghan government.
The Taliban’s rapid victories have put enormous pressure on Afghan political leaders and the country’s..."
Taliban Victories Raise Fears of Complete Afghanistan Takeover,center,"When President Biden this spring announced the decision to withdraw U.S. forces from Afghanistan, his administration expected the Afghan military to defend key cities and perhaps battle the Taliban to a stalemate.
Before the current Taliban offensive, U.S. officials said they didn’t expect the takeover of any provincial capital until fall at the earliest.
Instead, a carefully planned strategy carried out by the Taliban has produced swift battlefield advances, allowing insurgents to seize a succession of provincial capitals since Friday. Three more fell Tuesday, bringing the total to nine, including several major..."
Taliban Victories Raise Fears of Complete Afghanistan Takeover,conservative,"The U.S. assesses that the capital of Afghanistan could fall to the Taliban within the next 90 days, two sources familiar with the matter confirmed to Fox News, just weeks before President Biden plans to completely withdraw U.S. troops from the region following nearly two decades of war.
The Taliban seized three more Afghan provincial capitals and a local army headquarters on Wednesday, attaining control of two-thirds of the nation. The sources said that the intelligence regarding Kabul’s security has been dire for some time.
Pentagon officials told Fox News that the intelligence community updated its assessment..."
"Manchin's Election Bill Compromise Praised by Abrams, Rejected by McConnell",liberal,"Senate Republicans spent months praising Joe Manchin for his insistence on cross-party compromise. Next week they will almost surely end his hopes for a bipartisan deal on elections.
Senate Minority Leader Mitch McConnell said he believed all 50 Republicans would oppose Sen. Manchin’s (D-W.Va.) slimmed-down elections compromise, which focuses on expanding early voting and ending partisan gerrymandering in federal elections. And it’s not clear there’s a single Republican vote to even begin debate on the matter, potentially dooming Manchin's proposals before they can even make it into the bill."
"Manchin's Election Bill Compromise Praised by Abrams, Rejected by McConnell",center,"Senate Minority Leader Mitch McConnell (R-Ky.) said on Thursday that Republicans will oppose a compromise election reform proposal put forward by Sen. Joe Manchin (D-W.Va.).
""I would make this observation about the revised version ... all Republicans I think will oppose that as well if that were to be what surfaced on the floor,"" McConnell told reporters, referring to Manchin's proposal.
McConnell's comments, which came during a press conference with GOP senators railing against the For the People Act, are the latest signal that the election bill will fail during a procedural vote next..."
"Manchin's Election Bill Compromise Praised by Abrams, Rejected by McConnell",conservative,"Senate Republicans Thursday said that they have no intention of supporting Sen. Joe Manchin's proposal for elections legislation, which was intended to be a possible bipartisan compromise in lieu of Democrats' controversial elections proposal S.1.
Senate Minority Leader Mitch McConnell of Kentucky said Thursday that he hopes ""all Republicans"" will oppose the proposal from Manchin, the senior senator from West Virginia, at a press conference that was designed to show Republican unity against S.1.
""It still turns the Federal Election Commission (FEC) from a judge into a prosecutor by taking away the three-three balance..."
Israeli Supreme Court Strikes Down Controversial Judicial Reform,liberal,"Israel's Supreme Court on Monday narrowly struck down a controversial law that's part of the Netanyahu government's judicial overhaul and limited the court's ability to review government decisions.
Why it matters: The dramatic ruling could thrust Israel back into a constitutional and political crisis amid the war in Gaza and concerns about a potential war with Lebanon.
A strong reaction by Israeli Prime Minister Benjamin Netanyahu and his radical right-wing political allies could push former Defense Minister Benny Gantz to leave the emergency unity government that was formed after the Oct. 7 attack.
If Gantz, who is..."
Israeli Supreme Court Strikes Down Controversial Judicial Reform,center,"Israel's Supreme Court has struck down a controversial judicial reform that triggered nationwide protests last year against the Netanyahu government.
The change would have limited the power of the Supreme Court in overturning laws it deemed unconstitutional.
Critics say it would have severely undermined the country's democracy by weakening the judicial system.
There is strong opposition to the current Netanyahu government, seen as the most right-wing in Israeli history.
The Supreme Court's decision to overturn the law passed by the government in 2023 follows months of internal turmoil."
Israeli Supreme Court Strikes Down Controversial Judicial Reform,conservative,"The Israeli Supreme Court delivered Prime Minister Benjamin Netanyahu a major defeat in his efforts to overhaul the country's judicial system on Monday.
The court struck down a component of Netanyahu's reforms that banned judges from overturning government decisions the court deems ""unreasonable."" Netanyahu's government had passed the legislation in July.
In the 8-7 decision, the court argued the law threatened a ""severe and unprecedented harm to the core character of the State of Israel as a democratic country.""
Controversy around Netanyahu's reform efforts led to widespread unrest in Israel throughout the..."
"Justice Alito Reflects on Current Events, Drawing Different Reactions",liberal,"ANALYSIS
On Thursday night, Justice Sam Alito delivered the keynote address at this year’s all-virtual Federalist Society National Lawyers Convention. The Federalist Society, a well-funded network of conservative attorneys, has come under unusual scrutiny after Donald Trump elevated scores of its members to the federal judiciary. Its leaders insist that it is a mere debate club, a nonpartisan forum for the exchange of legal ideas. But Alito abandoned any pretense of impartiality in his speech, a grievance-laden tirade against Democrats, the progressive movement, and the United States’ response to the COVID-19..."
"Justice Alito Reflects on Current Events, Drawing Different Reactions",center,"Supreme Court Associate Justice Samuel Alito delivered candid takes on several divisive issues facing the U.S., from the measures put in place to address the COVID-19 pandemic to tensions between gay rights and religious freedom, during an address to the conservative Federalist Society on Thursday. 
Alito said the restrictions imposed by political leaders in order to contain the coronavirus pandemic have ""resulted in previously unimaginable restrictions on individual liberty"" and denounced recent Supreme Court decisions holding up orders he believed discriminated against religious groups. He argued the pandemic highlighted..."
"Justice Alito Reflects on Current Events, Drawing Different Reactions",conservative,"Religious liberty and free speech are among Americans' personal freedoms potentially imperiled along with government overreach during the coronavirus pandemic, Supreme Court Justice Samuel Alito warned Thursday.
“Tolerance for opposing views is now in short supply,” Alito added in a virtual keynote speech to a conference of the conservative Federalist Society, in which he referenced the current state of discourse in the nation's law schools and the “broader academic community.”
Many recent law school graduates claim they face “harassment” and “retaliation” for any views that depart “from law school orthodoxy,”..."
"Full Trump Indictment Released, 37 Charges Detailed",liberal,"Federal prosecutors unsealed indictments on Friday against former President Donald J. Trump and one of his personal aides, Walt Nauta, revealing devastating new details about a more than yearlong investigation into Mr. Trump’s handling of classified material.
The 49-page indictment, containing 38 counts and seven separate charges, gave the clearest picture yet of the files that Mr. Trump took with him when he left the White House. It said he had illegally kept documents concerning “United States nuclear programs; potential vulnerabilities of the United States and its allies to military..."
"Full Trump Indictment Released, 37 Charges Detailed",center,"The Justice Department on Friday unveiled a 37-count indictment against former President Trump over his handling of classified materials after leaving the White House, offering up an expansive look at the evidence prosecutors collected.
The 49-page document provides significant insight into the nature of the classified documents Trump had kept since leaving the White House in January 2021, allegations about Trump’s moves to obstruct attempts to retrieve the documents and details about instances where Trump is said to have openly shared sensitive government secrets.
Here are five of the biggest revelations from..."
"Full Trump Indictment Released, 37 Charges Detailed",conservative,"Former president Donald Trump is facing 37 criminal counts in connection with his alleged mishandling of classified documents, according to an historic indictment unsealed on Friday that sends the nation into uncharted territory and could upend the Republican presidential race.
Trump, the front-runner for the Republican nomination, is the first former president to face federal charges. He could face years in prison if convicted.
Republicans, including most of Trump’s fellow candidates for the 2024 presidential nomination, have generally circled the wagons around the former president, decrying what they see as..."
"Meta Shuts Down Nearly 9,000 Facebook and Instagram Accounts",liberal,"Meta shut down close to 9,000 Facebook and Instagram accounts, groups and pages associated with a Chinese political spam network that had targeted users in Australia and other parts of the world, the company has revealed.
Meta began investigating in 2019 and its research aligned with several research groups who coined the term Spamouflage, including the Australian Strategic Policy Institute (Aspi).
In a report released by the social media giant on Tuesday, Meta said it had removed 7,704 Facebook accounts, 954 pages, 15 groups and 15 Instagram accounts identified as violating the company’s inauthentic behaviour..."
"Meta Shuts Down Nearly 9,000 Facebook and Instagram Accounts",center,"Facebook parent company Meta (META.O) said on Tuesday it had uncovered links between people associated with Chinese law enforcement and a long-running but largely ineffectual operation to positively influence people on social media about China.
The social media giant removed around 7,700 Facebook accounts and hundreds of other pages, groups and Instagram accounts connected to the so-called ""Spamouflage"" campaign, elements of which have been active since 2018, it said in a quarterly security report.
The ""Spamouflage"" network has engaged in spurts of activity over the last several years pushing positive narratives about..."
"Meta Shuts Down Nearly 9,000 Facebook and Instagram Accounts",conservative,"Meta said it closed thousands of China-linked accounts on its platforms that were participating in the “largest known cross-platform covert influence operation in the world.”
The digital influence campaign spread across more than 50 online platforms, including Meta’s Facebook and Instagram, Google’s YouTube, X, TikTok and Reddit, according to Meta’s Adversarial Threat Report for 2023’s second quarter.
Meta said it linked the influence operation to “individuals associated with Chinese law enforcement.”
“This campaign was run by geographically dispersed operators across China who appeared to be centrally provisioned with internet access..."
Senate Passes Bipartisan $1.2T Infrastructure Bill,liberal,"Washington — The Senate voted to approve a roughly $1 trillion bill to revamp the nation's infrastructure on Tuesday, delivering a bipartisan breakthrough on legislation that includes key portions of President Biden's domestic agenda.
The final vote was 69 to 30, with 19 Republicans joining all 50 Democrats in voting for passage. Senate Minority Leader Mitch McConnell was among the Republicans who voted yes. Vice President Kamala Harris presided over the final vote, and said it was ""a very good day"" before entering the chamber.
The legislation, known as the Infrastructure Investment and..."
Senate Passes Bipartisan $1.2T Infrastructure Bill,center,"The Senate passed a $1 trillion bipartisan infrastructure plan Tuesday, a huge step for Democrats as they try to push President Joe Biden’s sweeping economic agenda through Congress.
The legislation, which includes $550 billion in new funding for transportation, broadband and utilities, got through in a 69-30 vote, as 19 Republicans joined all 50 Democrats. The chamber in a 50-49 party line vote then proceeded to a budget resolution that would allow Democrats to approve what they see as a complementary $3.5 trillion spending plan without Republican votes.
“Today, the Senate takes a decades overdue step to..."
Senate Passes Bipartisan $1.2T Infrastructure Bill,conservative,"A sweeping, $1.2 trillion bipartisan infrastructure package aimed at addressing the maintenance of roads, bridges and broadband easily coasted to passage Tuesday morning after days of debate.
The measure — negotiated by a group of 22 bipartisan lawmakers led by Sens. Kyrsten Sinema (D-Ariz.) and Rob Portman (R-Ohio) — includes $550 billion in new spending, with $110 billion set to be allocated toward roads, bridges and other projects; $65 billion toward broadband, $66 billion to be spent on passenger and freight rail, $55 billion for water infrastructure, $39.2 billion for public transit,..."
White House Afghanistan Report Says Trump 'Severely Constrained' Withdrawal Options,liberal,"The U.S. acknowledged its evacuations from Afghanistan in 2021 should have begun sooner — but largely blamed the Trump administration, according to a newly released National Security Council document outlining key moments.
Why it matters: The chaotic withdrawal from Afghanistan in summer 2021 — a pain point in Biden's presidency that's drawn bipartisan criticism — has also become a growing target of GOP-led congressional investigations.
The Afghanistan withdrawal changed the U.S. protocol on evacuations during other global conflicts, per the NSC's summary of the Biden administration's review of the withdrawal released Thursday.
""We now prioritize earlier evacuations..."
White House Afghanistan Report Says Trump 'Severely Constrained' Withdrawal Options,center,"The White House pinned the chaotic 2021 withdrawal from Afghanistan on the lack of planning from the previous administration and admitted it should have started evacuations sooner but stood by the decision to pull out of the country in a summary of an interagency report released Thursday.
The summary said that the administration was “severely constrained” by actions of former President Donald Trump’s administration, including the 2020 agreement Trump made with the Taliban to withdraw American troops by the spring of 2021.
While the summary acknowledged the evacuation of Americans should have begun sooner,..."
White House Afghanistan Report Says Trump 'Severely Constrained' Withdrawal Options,conservative,"The White House on Thursday released its review of President Biden's fumbled withdrawal from Afghanistan in 2021, dropping the long-awaited report days before the Easter holiday while former President Donald Trump's indictment dominates headlines.
In a 12-page outline, Biden officials defend the president's decision to withdraw, calling his decision to end the two decades-long war ""the right thing for the country."" The report does not appear to acknowledge any mistakes made by Biden. However, the document repeatedly criticizes the Trump administration for constraining the conditions of American evacuation, during which 13 American..."
DHS Reportedly Steps Up Counter-Disinformation Efforts,liberal,"THE DEPARTMENT OF HOMELAND SECURITY is quietly broadening its efforts to curb speech it considers dangerous, an investigation by The Intercept has found. Years of internal DHS memos, emails, and documents — obtained via leaks and an ongoing lawsuit, as well as public documents — illustrate an expansive effort by the agency to influence tech platforms.
The work, much of which remains unknown to the American public, came into clearer view earlier this year when DHS announced a new “Disinformation Governance Board”: a panel designed to police misinformation (false information spread unintentionally),..."
DHS Reportedly Steps Up Counter-Disinformation Efforts,center,"Earlier this year, the Department of Homeland Security (DHS) created an internal board dedicated to combating misinformation and disinformation. Despite scrapping it after facing criticism, new reporting indicates that the agency is still pursuing the constitutionally dubious project.
The DHS announced the Disinformation Governance Board in April specifically to address Russian disinformation and false information spread by border traffickers. Nina Jankowicz, a Wilson Center fellow and ""disinformation expert,"" was put in charge.
The board immediately garnered controversy, both for its ""Orwellian"" overtones as well as Jankowicz's then-recent statements decrying ""free speech absolutists"" and advocating for more..."
DHS Reportedly Steps Up Counter-Disinformation Efforts,conservative,"A handful of President Joe Biden's most important federal agencies are stepping up efforts to monitor and counteract ""disinformation"" on social media platforms, even in the face of criticism that the administration is attempting to silence conservative or opposing viewpoints.
The actions by the federal agencies come as Missouri and Louisiana are pursuing legal action against Biden, former White House press secretary Jen Psaki, Dr. Anthony Fauci and other top administration officials. The two states say these officials ""pressured and colluded"" with Big Tech social media companies to censor and..."
"Did DEI Play a Role in the DC Plane Crash, as Trump Suggested?",liberal,"In a Thursday press conference addressing the plane-helicopter collision that killed 67 people near Ronald Reagan National Airport, President Donald Trump made an array of statements about past and present federal policy for air traffic controllers.
He at one point said the crash ""could have been"" the result of diversity hiring initiatives, and he claimed air traffic controllers are allowed to work with serious health issues and disabilities.
Here's what the USA TODAY Fact Check Team found on how Trump's statements compare to Federal Aviation Administration standards and past changes."
"Did DEI Play a Role in the DC Plane Crash, as Trump Suggested?",center,"President Donald Trump attacked the Federal Aviation Administration’s diversity, equity and inclusion policies at a press conference following a fatal collision between an American Airlines plane and an army helicopter, though he did not provide evidence DEI was related to the crash, and these policies have existed for years—including during his first term.
Trump quoted the FAA’s now-deleted diversity, equity and inclusion page in a press conference, stating the FAA had committed to hiring people with “severe” disabilities because they are the “most under-represented segment” of the workforce, including those..."
"Did DEI Play a Role in the DC Plane Crash, as Trump Suggested?",conservative,"There seemed to be two President Donald Trumps in the immediate aftermath of the deadly collision between an American Airlines airplane and Army Black Hawk helicopter over Washington.
The crash, which occurred over the Potomac River as the plane tried to land at Ronald Reagan Washington National Airport and the helicopter was conducting a training mission, presents the first test of Trump’s nascent second administration after a record of uneven responses to tragedy during his first term.
As 67 families learned their loved ones, including 60 airline passengers, four crew members, and three military personnel, were victims..."
TSA Reports Record Number of Guns Confiscated from Airline Passengers in 2022,liberal,"Transportation Security Administration officers confiscated more than 6,542 firearms from airport passengers in 2022 — the highest number recorded since the agency's inception. Of those guns taken at airport security checkpoints, 88% were loaded, the agency announced Tuesday.
The confiscations by TSA mark a nearly 10% increase over the 5,972 firearms seized in 2021, which was also a record.
The agency announced in December that it was raising the maximum civil penalty for a firearms violation from $13,910 to $14,950.
These were the airports with the largest number of guns confiscated..."
TSA Reports Record Number of Guns Confiscated from Airline Passengers in 2022,center,"The Transportation Security Administration announced Tuesday that travel returned to pre-pandemic levels, with around 2 million passengers screened a day, but 2022 also set a new record for firearm interceptions.
The agency reported that it confiscated 6,542 firearms in 2022, 88% of which were loaded, at security checkpoints. That’s an increase of more than 500 firearms in 2021, which saw a record of 5,972 firearms.
“I am incredibly proud of our dedicated TSA employees who perform the critical task of securing our nation’s transportation systems each day,” said TSA Administrator David Pekoske...."
TSA Reports Record Number of Guns Confiscated from Airline Passengers in 2022,conservative,"The U.S. Transportation Security Administration announced today that, in 2022, it detected a record 6,542 firearms in carry-on bags or on passengers at checkpoints. That’s a sizeable jump from the 5,972 detected in 2021 and a spike compared with the 4,432 detected in 2019. Of the guns caught in 2022, approximately 88 percent were loaded. Firearms were caught at 262 airport checkpoints nationwide.
The Wall Street Journal’s write-up includes these eye-opening anecdotes:
At security checkpoints this year, the agency has found firearms in some peculiar vessels. In September, TSA found a gun stuffed into a whole..."
Conflicting Reports on Release of New CDC Guidelines,liberal,"As President Trump rushes to reopen the economy, a battle has erupted between the White House and the Centers for Disease Control and Prevention over the agency’s detailed guidelines to help schools, restaurants, churches and other establishments safely reopen.
A copy of the C.D.C. guidance obtained by The New York Times includes sections for child care programs, schools and day camps, churches and other “communities of faith,” employers with vulnerable workers, restaurants and bars, and mass transit administrators. The recommendations include using disposable dishes and utensils at restaurants, closing every..."
Conflicting Reports on Release of New CDC Guidelines,center,"The Trump administration rejected guidelines proposed by the Centers for Disease Control and Prevention (CDC) on how to take public health precautions to safely reopen the economy, according to The New York Times.
The guidelines drafted were meant to instruct how schools, restaurants, churches and other establishments can safely reopen.
They include using disposable dishes and utensils at restaurants, closing every other row of seats in buses and trains while restricting transit routes to areas experiencing high levels of coronavirus infection.
They also recommend separating children at school and camps..."
Conflicting Reports on Release of New CDC Guidelines,conservative,"Officials on the White House coronavirus task force and senior Trump administration officials are pushing back on an Associated Press article published Thursday accusing the White House of shelving new reopening guidelines from the Centers for Disease Control and Protection (CDC).
Officials told the Daily Caller that the guidelines in question, a 17-page document, were not cleared for public dissemination by CDC leadership, but are still being provided to states requesting assistance in reopening.
The AP’s story, titled “Admin shelves CDC guide to reopening country,” did concede that states had..."
"July 4 Was World’s Hottest Day on Record, Early Data Shows",liberal,"This week saw the hottest global temperature ever recorded, according to data from the US National Centers for Environmental Prediction.
On Monday, the average global temperature reached 17.01 degrees Celsius (62.62 Fahrenheit), the highest since records began. On Tuesday, it climbed even further, to reach 17.18 degrees Celsius. The previous record of 16.92 degrees Celsius was set in August 2016.
Experts warn that the record could be broken several more times this year. Robert Rohde, lead scientist at Berkeley Earth, said in a Twitter post on Tuesday that the world “may well see a few even..."
"July 4 Was World’s Hottest Day on Record, Early Data Shows",center,"The world’s average temperature climbed to its highest level since records began on Tuesday, according to provisional data from U.S. researchers, underscoring the pressing need to slash greenhouse gas emissions fueling the climate emergency.
The planet’s average daily temperature climbed to 17.18 degrees Celsius on Tuesday, according to the University of Maine’s Climate Reanalyzer, an unofficial tool that is often used by climate scientists as a reference to the world’s condition.
The milestone comes just one day after global average temperatures topped 17 degrees Celsius for the first time in 44 years,..."
"July 4 Was World’s Hottest Day on Record, Early Data Shows",conservative,"Monday, July 3, was the world's hottest day recorded, according to data from the National Centers for Environmental Prediction.
The average global temperature reached 62.62 degrees Fahrenheit, according to HuffPost, surpassing the August 2016 record of 62.46 Fahrenheit.
In the United States, the South has faced a severe heat wave over the past few weeks, and in China, a lasting heat has carried temperatures over 95 degrees Fahrenheit, with North Africa seeing temperatures near 122 degrees Fahrenheit.
Scientists also said this past month was the world's warmest June recorded, chalking the recent heat up to a combination of a..."
Google Restricts Gemini AI From Answering Election-Related Queries,liberal,"Google is restricting its Gemini AI chatbot from answering election-related questions in countries where voting is taking place this year, limiting users from receiving information about candidates, political parties and other elements of politics.
“Out of an abundance of caution on such an important topic, we have begun to roll out restrictions on the types of election-related queries for which Gemini will return responses,” Google’s India team stated on the company’s site.
‘We definitely messed up’: why did Google AI tool make offensive historical images?
The company initially announced its..."
Google Restricts Gemini AI From Answering Election-Related Queries,center,"Google is restricting AI chatbot Gemini from answering questions about the global elections set to happen this year, the Alphabet-owned firm (GOOGL.O), opens new tab said on Tuesday, as it looks to avoid potential missteps in the deployment of the technology.
The update comes at a time when advancements in generative AI, including image and video generation, have fanned concerns of misinformation and fake news among the public, prompting governments to regulate the technology.
When asked about elections such as the upcoming U.S. presidential match-up between Joe Biden and Donald Trump, Gemini responds with..."
Google Restricts Gemini AI From Answering Election-Related Queries,conservative,"Google announced Tuesday it will be restricting its new artificial intelligence chatbot Gemini from answering election-related questions globally.
“Out of an abundance of caution on such an important topic, we have begun to roll out restrictions on the types of election-related queries for which Gemini will return responses,” the company wrote in a blog post on Tuesday.
The announcement isn’t just prompted by concerns in the United States but also extends to international apprehensions over how AI could affect foreign elections taking place this year in over 50 countries. The company added that it has already..."
CDC Announces Organizational Changes After Not Meeting 'Expectations' During Pandemic,liberal,"The nation’s top public health official acknowledged Wednesday that the Centers for Disease Control and Prevention had failed to respond effectively to the coronavirus pandemic, and committed to extensive changes, including faster release of scientific findings and easier-to-understand guidance.
CDC Director Rochelle Walensky told senior leaders that she had embraced a long-awaited revamp of CDC culture based on an internal review that called for a more nimble and better-trained workforce and changing incentives to reward action over publication, among other things.
“For 75 years, CDC and public health have been..."
CDC Announces Organizational Changes After Not Meeting 'Expectations' During Pandemic,center,"Rochelle Walensky, the director of the Centers for Disease Control and Prevention, announced Wednesday she will make major modifications to the agency’s structure, including staffing changes and efforts to improve public messaging, after she said the agency failed to adequately respond to the Covid-19 pandemic, according to multiple outlets.
In a video sent to staff Wednesday morning, Walensky admitted the agency had made “pretty dramatic, pretty public mistakes” related to testing, data and communications in response to the coronavirus pandemic, according to Bloomberg, which cited an anonymous source who viewed the video.
The..."
CDC Announces Organizational Changes After Not Meeting 'Expectations' During Pandemic,conservative,"The director of the U.S. Centers for Disease Control and Prevention (CDC) on Aug. 17 announced that the agency would be revamped, after a review found it did not adequately respond to the COVID-19 pandemic.
Dr. Rochelle Walensky, the director, informed the approximately 13,000 CDC employees of the planned changes, which include reorganizing the agency in an attempt to make quicker decisions, be more accountable, and improve communication.
The changes are spurred by a review that started in April, which found the agency’s “traditional scientific and communication processes were not adequate to effectively respond to..."
DOJ Says Classified Documents at Mar-a-Lago 'Likely Concealed and Removed’,liberal,"WASHINGTON — The Justice Department said Tuesday night that it had evidence classified documents at former President Donald Trump's Mar-a-Lago estate were ""likely concealed and removed"" before the FBI search to retrieve them.
In its late-night court filing, the Justice Department said that Trump's request to appoint a special master to review the documents “is unnecessary and would significantly harm important governmental interests, including national security interests.”
Some of the documents were so sensitive and classified that FBI agents and Justice Department attorneys needed additional security clearances to review them after the raid earlier this month.
The department..."
DOJ Says Classified Documents at Mar-a-Lago 'Likely Concealed and Removed’,center,"Federal agents searched former President Trump’s Mar-a-Lago estate after developing evidence that government records were “likely concealed and removed” in defiance of a grand jury subpoena, according to Department of Justice (DOJ) court documents filed late Tuesday evening.
The filing details the chronology of federal officials’ monthslong attempt to recover presidential records and classified documents from Trump’s Florida home, casting doubt on the former president’s team’s claims that a “diligent search” was conducted and all documents requested by the subpoena were returned.
Trump has claimed the search warrant of Mar-a-Lago was unnecessary since..."
DOJ Says Classified Documents at Mar-a-Lago 'Likely Concealed and Removed’,conservative,"The Justice Department pursued a search warrant for Mar-a-Lago because investigators suspected that former president Trump and his associates relocated and hid highly classified records, despite claiming that they returned such privileged information to the government, a Tuesday court filing from the department reveals.
The filing came amid Trump’s petition for a special master to conduct an independent review of materials seized from his residence, a motion which a judge said that she has “preliminary intent” to grant but which the DOJ opposes, citing potential injury to national security interests.
Taking inventory of the confiscated materials,..."
Former Biden Family Business Associate Says Joe Biden Was 'The Family Business',liberal,"Earlier this month, House Oversight Committee Chair James Comer told Lindell TV’s Lou Dobbs Tonight that Tony Bobulinski, a former business associate of Hunter Biden, is “the one solid guy that tried to do the right thing and was honest.” Last Friday, Comer once again praised the businessman on Newsmax, calling him the only “honest guy that appears to have been temporarily in the Biden orbit.”
But Bobulinski, who testified on Capitol Hill Tuesday morning as part of the impeachment inquiry against the president, doesn’t appear to be as squeaky clean as Comer says. Bobulinski’s overt..."
Former Biden Family Business Associate Says Joe Biden Was 'The Family Business',center,"A onetime business associate — and now critic — of Hunter Biden, Tony Bobulinski, testified behind closed doors before the House Oversight Committee on Tuesday.
Bobulinski gave bombshell testimony, saying the Biden family business was President Joe Biden. He claimed the president was an “enabler” in his son’s business dealings while making millions of dollars and allowing foreign associates access to the then-former vice president.
“Tony Bobulinski articulated under oath that Joe Biden was ‘the brand’ the Bidens sold to enrich the family. Joe Biden not only knew about his family’s dealings with a Chinese Communist..."
Former Biden Family Business Associate Says Joe Biden Was 'The Family Business',conservative,"A former Biden family business partner scorched President Biden in an explosive opening statement at a House impeachment inquiry deposition Tuesday, saying the commander-in-chief is corrupt and that his testimony will help prove it.
“The Biden family business was Joe Biden, period,” said Tony Bobulinski, a former Navy officer who worked alongside first son Hunter Biden and first brother James Biden on a venture with CEFC China Energy.
Bobulinski alleges he spoke twice with Joe Biden in May 2017 about the Chinese government-linked company — shortly after Biden left office as vice president...."
House GOP Criticizes Biden Admin in Long-Awaited Afghanistan Report,liberal,"The House Foreign Affairs Committee announced Sunday the release of its sweeping 354-page report on the chaotic 2021 withdrawal of U.S. troops from Afghanistan on Sunday evening, culminating the panel's three year investigation.
Why it matters: The report from the Republican-led panel takes aim at the Biden administration's actions, arguing that its hesitation to evacuate noncombatants despite warnings put Americans in peril.
""Our investigation reveals the Biden-Harris administration had the information and opportunity to take necessary steps to plan for the inevitable collapse of the Afghan government, so we could safely evacuate U.S. personnel, American..."
House GOP Criticizes Biden Admin in Long-Awaited Afghanistan Report,center,"A long-awaited GOP report analyzing the U.S. withdrawal from Afghanistan paints a picture of a President Biden determined to leave the country but fumbling preparations that set the stage for a chaotic and deadly exit from America’s longest war.
The report from Republicans on the House Foreign Affairs Committee, released in the shadow of the three-year anniversary of the U.S. exit, criticizes the president for a rushed effort undertaken regardless of counsel from allies and advisers that led to unnecessary deaths.
“The evidence proves President Biden’s decision to withdraw all U.S. troops was..."
House GOP Criticizes Biden Admin in Long-Awaited Afghanistan Report,conservative,"House Republicans on Sunday issued a scathing report on their investigation into the U.S. withdrawal from Afghanistan, blaming the disastrous end of America's longest war on President Joe Biden's administration and minimizing the role of former President Donald Trump, who had signed the withdrawal deal with the Taliban.
The partisan review lays out the final months of military and civilian failures, following Trump's February 2020 withdrawal deal, that allowed America's fundamentalist Taliban enemy to sweep through and conquer all of the country even before the last U.S. officials flew out..."
US National Debt Tops $31 Trillion for First Time,liberal,"America’s national debt has climbed north of $31 trillion for the first time, a milestone that comes at a time of historically high inflation, rising interest rates and growing economic uncertainty.
The nation’s total public debt outstanding closed at $31.1 trillion on Monday, according to Treasury Department data published Tuesday.
The US government went on a borrowing spree during the Covid-19 pandemic to help shore up the nation’s economy as the deadly virus upended lives, labor markets and supply chains. Outstanding debt has climbed nearly $8 trillion since the beginning of 2020. And..."
US National Debt Tops $31 Trillion for First Time,center,"America’s gross national debt has surpassed $31 trillion for the first time.
The figure was revealed in a Treasury Department report released Tuesday and comes at a time when the economy faces inflation and higher interest rates. During the COVID-19 pandemic, the government borrowed more money to support the economy as lockdowns disrupted labor markets and supply chains.
The costs of borrowing remain higher, and with economists warning of an impending recession, the milestone comes at an inopportune and volatile moment. A Wall Street sell-off from all-time highs in January has been..."
US National Debt Tops $31 Trillion for First Time,conservative,"The national debt of the United States blew past $31 trillion for the first time ever Tuesday, a grim milestone that comes amid soaring interest rates that threaten to strain the government's finances.
It comes just nine months after the last milestone of $30 trillion, according to the Committee for a Responsible Federal Budget, and only five years after reaching $20 trillion. The unprecedented spree of government borrowing brought forth by the COVID-19 pandemic, and further borrowing to stimulate the economy, has helped to contribute to the majority of this figure.
""This is a new record no..."
